double,double,double,double,double,double,double,double,double,double,double,double,double,double,double,double,double,double,double,double,double,double,double,double,double,double,string,string,string,string,string,double,double,double,double,double,double,double,double,double,double,double,double,double,double,double,double,double,double,double,double,double,double,double,double,double,double,double,double,double,double,double,double,double,double,double,double,double,double,double,double,double,double,double,double,double,double,double,double,double,double,double,double,double,double,double
PRIN1,PRIN2,aar_w,cnt_w,pop_w,lcl_w,ucl_w,ser_w,aar_b,cnt_b,pop_b,lcl_b,ucl_b,ser_b,HI_SCHOOL,UNEMPLOYED,BLUE_COLLA,MED_INCOME,POVERTY,MED_RENT,MED_HOUSE,COUNTY_1,QUART1,QUART2,QUINT1,QUINT2,NAME,STATE,STATE_FIPS,CNTY_FIPS,FIPS,AREA,POP1990,POP1999,POP90_SQMI,HOUSEHOLDS,MALES,FEMALES,WHITE,BLACK,AMERI_ES,ASIAN_PI,OTHER,HISPANIC,AGE_UNDER5,AGE_5_17,AGE_18_29,AGE_30_49,AGE_50_64,AGE_65_UP,NEVERMARRY,MARRIED,SEPARATED,WIDOWED,DIVORCED,HSEHLD_1_M,HSEHLD_1_F,MARHH_CHD,MARHH_NO_C,MHH_CHILD,FHH_CHILD,HSE_UNITS,VACANT,OWNER_OCC,RENTER_OCC,MEDIAN_VAL,MEDIANRENT,UNITS_1DET,UNITS_1ATT,UNITS2,UNITS3_9,UNITS10_49,UNITS50_UP,MOBILEHOME,NO_FARMS87,AVG_SIZE87,CROP_ACR87,AVG_SALE87,PR100,PR030,PR040,PR050,PR002,PR003,PR005,PR006
-0.1925,0.1813,186.7,165,70179,159.1,218.8,14.7,,2,1778,,,,0.8074,0.0572,0.4674,34082,0.3444,481,102100,127,3,3,3,3,Wayne,Pennsylva,42,127,42127,751.063,39944,45497,53,14638,19803,20141,39470,282,43,97,52,371,2663,7389,6022,11162,5942,6766,7060,19119,604,2832,1997,1249,1980,4171,5051,194,712,28480,13842,11600,3038,89800,299,20532,157,989,738,30,73,5363,691,201,71573,41400,167.7,271.6,1041.3,1004.6,98.8,14.6,100.6,28.2
0.1851,-0.1493,105,45,41241,76.2,143.2,15.9,,0,348,,,,0.8369,0.0494,0.4913,36365,0.3139,470,93900,131,3,2,4,2,Wyoming,Pennsylva,42,131,42131,400.6997,28076,29055,70,10002,13865,14211,27798,135,25,81,37,135,2006,5732,4926,8335,3540,3537,5302,12773,443,1662,1566,961,1244,3243,2968,167,580,11857,1855,7687,2315,67600,267,8229,114,504,573,164,0,2081,367,198,38342,68170,133.9,221.3,783.3,783.8,92.1,12.8,92.1,27.1
0.2969,0.398,132,469,291811,120.3,144.7,6.1,,3,5653,,,,0.8201,0.0535,0.3921,34438,0.2999,440,93400,69,3,3,4,4,Lackawann,Pennsylva,42,69,42069,453.7797,219039,206626,483,84528,102389,116650,215634,1572,163,1364,306,1089,13229,34722,37283,57486,33126,43193,49682,94433,3229,20845,11067,7870,16176,19946,25526,908,4676,91707,7179,56625,27903,68900,253,52008,3533,15249,12336,2425,1677,3263,299,141,26308,36174,141.3,239,915.8,760.3,106.7,9.8,106.8,17.6
-0.2763,-1.2388,138.6,83,51255,110.3,173.1,15.3,,0,1220,,,,0.827,0.0454,0.5795,37550,0.2526,418,78000,47,3,1,3,1,Elk,Pennsylva,42,47,42047,827.0807,34878,34333,42,13131,17135,17743,34702,15,35,98,28,56,2386,6568,5496,9372,5480,5576,6402,16723,373,2486,1477,1260,1923,3882,4310,181,609,17249,4118,10467,2664,49900,209,12136,118,951,728,70,201,1669,168,111,10716,18487,186.7,317.2,1104.3,1080.8,141.7,24.7,143.6,34.4
-1.8305,0.744,102.2,102,81931,83.2,125,10.2,,2,1400,,,,0.8101,0.072,0.4905,32257,0.3481,382,55900,121,1,4,1,4,Venango,Pennsylva,42,121,42121,686.0394,59381,57632,87,22408,28774,30607,58636,497,55,138,55,201,3914,11476,8647,17155,9268,8921,10527,27955,1056,4069,3114,1927,3432,6243,7390,364,1373,26961,4553,16692,5716,38600,209,19227,267,1441,1337,557,236,3338,456,143,36239,15328,125,213.5,890.7,610.7,90.7,14.3,90.7,22.6
-3.2237,0.3243,146.6,18,7431,86.5,278,34.8,,0,418,,,,0.7944,0.0706,0.565,27581,0.434,337,57300,53,1,3,1,4,Forest,Pennsylva,42,53,42053,442.1147,4802,5024,11,1908,2475,2327,4731,43,11,3,14,23,261,856,622,1222,871,970,855,2374,83,407,275,241,261,460,685,23,75,8445,6537,1546,362,35700,191,3221,14,45,29,23,0,1900,34,181,2806,17529,184,323.3,1225.1,896.6,147.6,,147.6,
-2.093,-0.5937,176.1,20,8584,107.4,289.7,39.4,,0,178,,,,0.7978,0.0634,0.6017,32212,0.3183,368,61300,23,1,2,1,2,Cameron,Pennsylva,42,23,42023,400.738,5913,5573,15,2395,2890,3023,5880,7,15,6,5,3,427,1086,825,1559,921,1095,946,2734,130,479,367,275,428,574,759,38,152,4399,2004,1752,643,39800,184,3053,22,186,221,13,74,792,25,104,1395,-99,224.6,251.5,1828.7,1130.1,192.5,,192.5,
2.9331,0.7964,39.6,33,68700,27,57.9,7,,1,2831,,,,0.8679,0.0538,0.4216,44608,0.241,701,118300,103,4,4,5,5,Pike,Pennsylva,42,103,42103,584.7633,27966,41323,48,10536,13861,14105,27420,256,48,133,109,651,2254,4809,4004,8168,4374,4357,3863,14616,408,1710,1267,884,1224,3175,3885,162,376,30852,20316,8775,1761,117700,445,24251,710,369,446,51,0,4559,44,124,2382,29193,60.6,100.6,398.8,434.8,37.7,4.4,38,6.4
-0.6048,0.3624,147.7,275,165965,130.7,166.6,8.9,,5,8046,,,,0.8058,0.0632,0.4693,34016,0.3258,449,86200,81,2,3,3,4,Lycoming,Pennsylva,42,81,42081,1255.1501,118710,116613,95,44949,57265,61445,115040,2816,219,469,166,641,8165,21391,20517,33665,17032,17940,21956,54554,1925,8026,7514,3940,6892,12012,14269,769,2885,49580,4631,31332,13617,54900,256,31741,3234,2998,4207,1456,599,4456,847,165,89588,40426,158.5,288.8,887.8,916.3,121.1,11.5,121.5,19.3
-2.9006,0.8959,125.4,19,9426,74.9,221.9,29.2,,0,378,,,,0.7798,0.089,0.5571,30279,0.395,346,74900,113,1,4,1,5,Sullivan,Pennsylva,42,113,42113,454.8286,6104,6105,13,2280,3056,3048,6001,59,30,9,5,25,326,1084,961,1481,977,1275,1242,2817,82,561,294,251,357,534,807,39,106,5458,3178,1791,489,47000,179,4124,47,80,101,21,76,889,165,185,16755,38904,147.3,248.1,848.9,826.9,106.7,,108.8,
-0.3396,0.5183,172.3,345,164199,154.5,191.8,9.3,434,29,9996,283.9,672.4,84.9,0.8295,0.0604,0.453,34666,0.3065,443,76000,85,3,3,3,4,Mercer,Pennsylva,42,85,42085,675.4501,121003,121797,179,45591,58658,62345,114479,5882,115,393,134,506,7530,20848,20398,32590,18860,20777,23484,56447,1905,9246,6556,4008,7213,11629,15702,559,2805,48689,3098,34184,11407,41900,221,35273,562,2280,3233,1504,712,4648,1267,144,121994,31177,203.8,322.6,1152.9,1370.6,136.4,13.5,136.8,24.6
-1.4643,-0.0082,136.3,87,54123,109,169.4,14.7,,0,471,,,,0.8037,0.0581,0.5107,31064,0.372,411,78000,35,2,2,2,3,Clinton,Pennsylva,42,35,42035,900.7891,37182,36941,41,13844,17825,19357,36857,144,49,117,15,91,2169,6484,7333,9654,5598,5944,7979,16746,499,2718,2135,1186,2247,3489,4629,231,852,16478,2634,10083,3761,46300,214,10424,820,808,1082,306,110,1941,295,159,31684,53109,153.6,233.5,843.8,1062.1,120.8,9.1,120.8,15
-1.6817,0.5765,170.8,110,59282,140.1,207,16.4,,1,617,,,,0.8176,0.0664,0.4959,30770,0.3659,383,68800,31,1,3,2,4,Clarion,Pennsylva,42,31,42031,609.8973,41699,41738,68,14990,20127,21572,41187,200,66,210,36,116,2424,7261,9808,10525,5888,5793,10284,18419,537,2738,1731,1377,2218,4227,4740,188,713,18022,3032,10870,4120,46200,209,12741,98,557,799,315,133,3072,541,190,64667,22684,170.7,230,1011,1158.2,126.1,18.2,130,30
-0.1837,0.2293,114.2,619,441957,105.4,123.7,4.6,,8,12133,,,,0.8105,0.0544,0.4192,33771,0.3101,434,84800,79,3,3,3,3,Luzerne,Pennsylva,42,79,42079,915.491,328149,310893,358,128483,155217,172932,321906,3958,224,1488,573,2023,19201,50983,54483,87435,51330,64717,72732,142996,5460,32476,16558,12178,24606,29749,39017,1417,7050,138724,10241,89109,39374,56000,243,79866,18756,10937,13414,4251,3289,5892,473,124,39109,33573,133.7,246.2,785.6,741.7,99.1,11.8,99.4,21
-2.0581,0.1356,176.1,140,66964,148.1,208.5,14.9,,0,959,,,,0.81,0.0666,0.551,31722,0.3538,377,59100,65,1,3,1,3,Jefferson,Pennsylva,42,65,42065,662.8645,46083,46110,70,17608,22266,23817,45891,49,49,70,24,98,3001,8694,7127,12377,6940,7944,7732,22143,670,3586,2217,1553,2790,5066,5733,241,906,21242,3634,13585,4023,42500,203,15356,207,898,940,335,169,2213,495,171,53993,22814,198.6,311.3,1157.4,1314.8,166.6,13.3,170.5,22.4
-0.8731,0.6827,154.6,155,89892,131.1,181.7,12.5,,0,1066,,,,0.8062,0.0732,0.4935,34094,0.3262,448,87300,37,2,4,3,4,Columbia,Pennsylva,42,37,42037,495.1121,63202,64036,128,23478,29919,33283,62588,268,38,228,80,341,3747,10042,14063,16600,8776,9974,14473,28640,824,4372,3447,2017,3649,6040,7816,353,1166,25598,2120,17248,6230,54800,241,16657,1577,1496,1878,326,181,3134,701,157,80258,39294,144.6,243.2,861.2,948.7,123,6.9,124.3,15.9
1.6352,1.7755,177.6,271,194060,156.9,200.7,10.9,,0,7156,,,,0.8819,0.0547,0.3341,36165,0.3572,565,114900,27,4,4,4,5,Centre,Pennsylva,42,27,42027,1094.7638,123786,133189,113,42683,64072,59714,116552,2801,179,3841,413,1350,6896,15723,45851,30929,13278,11109,46209,47196,1261,5075,5034,4482,5590,10547,12130,470,1579,46195,3512,25531,17152,74700,401,25375,2180,1723,3877,5595,2647,4102,817,182,104173,45435,166,311.4,962.9,899.1,115.6,9.4,115.8,20.4
-2.059,0.3592,190.6,266,120547,168.4,215.4,11.7,,0,5219,,,,0.791,0.0688,0.504,31357,0.3665,376,62600,33,1,3,1,4,Clearfiel,Pennsylva,42,33,42033,1153.9463,78097,80586,68,29808,37658,40439,77609,176,87,182,43,200,5113,14533,12524,21340,11600,12987,13581,37286,1115,6172,3808,2536,4737,8622,9522,452,1512,34300,4492,23414,6394,40000,207,24756,454,1291,1615,474,321,4160,421,148,39976,22638,172.9,251.4,1025.4,1070,143,12.1,143.4,17
2.5694,0.9725,188.9,348,193233,169,211,10.4,173.3,17,16982,95.9,468.1,45.5,0.8383,0.0656,0.415,46257,0.241,658,125200,89,4,4,5,5,Monroe,Pennsylva,42,89,42089,620.7003,95709,128734,154,34206,47097,48612,92766,1727,130,666,420,2052,7048,16754,17157,29251,13000,12499,17779,46046,1497,5175,4941,2796,3770,10630,11513,562,1505,54823,20617,25905,8301,116500,432,43385,2289,1765,2587,685,192,2899,192,140,17933,23617,172.3,277.5,987.4,1077,115.8,15.8,116.4,23.3
-1.6566,-0.7248,171.4,281,133751,151.9,193.1,10.2,,0,4028,,,,0.7782,0.0518,0.5197,31314,0.3472,389,69300,97,1,1,2,2,Northumbe,Pennsylva,42,97,42097,462.9981,96771,93111,209,38736,45866,50905,95997,326,79,180,189,532,5996,16435,14736,26036,15281,18287,16837,45480,1389,9040,5512,3451,7157,9714,12326,562,1970,41900,3164,28399,10337,39500,205,21271,11152,2004,2793,797,911,2294,675,186,101187,65329,167.1,283.8,1019.2,943.8,114.4,11.3,115.4,19
2.0816,0.0937,141.5,357,253509,127.2,157.1,7.5,,5,2816,,,,0.8678,0.0441,0.4084,42308,0.2405,487,114100,19,4,2,5,3,Butler,Pennsylva,42,19,42019,793.7607,152013,172707,192,55325,74138,77875,150407,810,109,545,142,563,10278,27337,27985,45262,20670,20481,29935,71669,1971,9375,7549,4841,7532,16810,18062,703,2611,59061,3736,42379,12946,62900,275,40696,1601,2433,2848,1823,930,8181,1199,120,96037,23431,150.5,272.2,893.1,862.3,117.5,10.5,117.7,16.2
-1.8948,-0.1798,95.8,119,103739,79.3,115.1,8.8,,1,1134,,,,0.7997,0.0618,0.5508,31557,0.3534,395,64500,5,1,2,1,2,Armstrong,Pennsylva,42,5,42005,662.1983,73478,72952,111,28309,35325,38153,72727,566,59,81,45,164,4432,13250,11358,20404,11147,12887,12485,36121,1050,5937,3291,2407,4419,8058,9592,340,1300,31757,3448,21615,6694,44300,205,23020,1131,1182,1296,333,421,3897,735,167,76295,74165,138.9,249,824.7,789.4,98.3,17.4,98.8,24.1
0.3109,0.9025,148.6,43,25173,107.4,203.5,22.8,,2,444,,,,0.823,0.0722,0.4355,38075,0.2609,459,93400,93,3,4,4,5,Montour,Pennsylva,42,93,42093,130.5107,17735,17664,136,6543,8308,9427,17472,76,7,138,42,116,1259,3062,2933,5022,2533,2926,3508,8127,247,1263,1000,579,1139,1843,2076,91,316,6885,342,4686,1857,62200,256,4248,684,351,628,85,70,719,270,155,33317,41848,175.5,359.7,1074.3,865.6,146.1,17.2,146.1,30
0.2928,-1.7662,189.4,110,60063,155.5,229.4,18.1,,2,8870,,,,0.7309,0.0392,0.4631,40336,0.2667,473,97800,119,3,1,4,1,Union,Pennsylva,42,119,42119,322.8248,36176,40925,112,11689,18681,17495,34784,972,76,239,105,638,2381,5919,8358,10239,4731,4548,8872,16048,532,2009,1767,957,1634,3551,3973,179,548,12886,1197,8719,2970,66800,276,8819,577,532,950,215,71,1497,505,128,53718,60758,169.9,282.8,1042.9,1003.5,81.8,16,81.8,19.7
-0.4935,-0.5072,138.4,144,85303,116.6,163.9,11.6,,3,818,,,,0.7901,0.0549,0.5039,35113,0.2903,458,82100,25,3,2,3,2,Carbon,Pennsylva,42,25,42025,387.4957,56846,59070,147,21989,27441,29405,56403,119,45,176,103,509,3501,9503,8901,15487,8973,10481,10480,27184,852,4824,2759,1877,3422,5724,7442,366,988,27380,5391,17128,4861,62900,255,16531,6031,1120,1318,467,196,1400,177,123,14166,25618,142.3,229.3,892.3,804.8,108.5,9.6,110.1,16.9
-0.832,0.4924,145.4,236,128426,127.3,165.7,9.5,,9,5381,,,,0.8158,0.0613,0.4531,33152,0.3308,424,72200,73,2,3,3,4,Lawrence,Pennsylva,42,73,42073,361.7172,96246,94558,266,36350,45634,50612,92896,2915,61,274,100,357,5966,16644,14837,25906,15110,17783,18027,45114,1367,7831,5154,2944,5862,9301,12537,435,2210,38844,2494,27671,8679,41500,211,28798,632,1884,2535,696,619,3190,749,129,68265,32707,157,256.4,909.2,1022.1,123.1,14.8,123.1,19
2.4473,-0.39,171,692,373605,158.5,184.4,6.5,165.2,14,13895,89.1,351,45,0.8071,0.0462,0.4004,45234,0.2097,576,120000,95,4,2,5,2,Northampt,Pennsylva,42,95,42095,388.9628,247105,259896,635,90955,120190,126915,232785,5269,209,2709,6133,11591,16479,40847,45510,72466,34784,37019,50519,115763,3856,16225,12420,7395,12472,25253,30728,1338,4710,95345,4390,66907,24048,105400,381,53715,18964,5471,8017,3272,1342,3415,484,179,75318,59193,187,310.4,1118.9,1135.6,152.4,13.5,152.7,20.8
-1.6272,-0.6136,122.6,324,213413,109.6,137.1,6.8,,2,9061,,,,0.7716,0.0587,0.518,32699,0.3052,379,63300,107,2,1,2,2,Schuylkil,Pennsylva,42,107,42107,774.8606,152585,147139,197,60773,73486,79099,150987,842,111,496,149,677,8773,24885,23643,40378,24357,30549,29616,70454,2023,15395,7487,5843,11145,14907,19118,882,2819,66457,5684,47461,13312,38200,222,31718,21918,2768,4497,966,667,3125,647,150,74970,62427,134.9,213.5,813.4,799,92.5,17.1,93.2,24.1
-1.9199,1.5744,157.1,208,126261,136.4,180.4,10.9,,3,2189,,,,0.8105,0.0816,0.4705,30233,0.4081,426,72700,63,1,4,1,5,Indiana,Pennsylva,42,63,42063,856.822,89994,88064,105,31710,43366,46628,88033,1175,92,574,120,370,5238,15755,21542,23558,11494,12407,23427,39140,1139,5421,3486,2822,4525,9187,9858,406,1396,34770,3060,23314,8396,50500,254,23543,766,1361,1852,1252,413,5038,911,182,107785,36624,147.4,284.2,867.8,813.9,103.8,15.5,104.6,22.5
-0.8356,-2.0377,176.1,98,54342,142.6,216.1,18,,0,651,,,,0.7318,0.0379,0.5292,35981,0.3154,439,87900,109,2,1,3,1,Snyder,Pennsylva,42,109,42109,331.9552,36680,38305,110,12764,17909,18771,36347,146,30,95,62,148,2676,6641,7449,10315,4983,4616,7607,17381,409,2021,1501,908,1668,4077,4394,219,496,13629,865,9848,2916,56700,234,9683,622,541,686,146,130,1585,702,128,66268,54934,165.1,289.2,884.8,1013.7,97.5,11.5,97.5,19.3
0.359,0.139,157.6,484,242007,143.8,172.7,7.2,277.5,36,15735,193.8,393.3,46.6,0.836,0.0535,0.4434,36995,0.269,438,85000,7,3,3,4,3,Beaver,Pennsylva,42,7,42007,448.698,186093,183417,415,71939,88661,97432,174759,10475,203,377,279,1124,11728,31694,28727,51774,30650,31520,34162,87665,3646,14507,9739,6344,11177,18162,24395,913,4666,76336,4397,52729,19210,50500,230,54319,2617,3680,6350,2852,964,4747,570,104,36716,21294,156.5,313.5,986.1,805.5,124.6,12.8,124.7,20.7
-1.6181,-1.4886,209.7,155,66481,177.4,246.8,17.1,,1,536,,,,0.7724,0.0411,0.5524,32175,0.3544,384,73300,87,2,1,2,1,Mifflin,Pennsylva,42,87,42087,415.2103,46197,46969,111,17697,22131,24066,45939,108,31,98,21,132,3251,8261,7783,12491,7028,7383,7939,22191,687,3426,2435,1401,2934,4869,5931,275,918,19641,1944,12887,4810,44800,204,12352,2040,931,1139,230,128,2037,677,129,57861,61738,213.9,355.3,1130.6,1411.2,186.6,9.9,186.6,12.6
2.2651,-0.1494,179.8,836,420167,167.8,192.5,6.2,277,23,22507,167.9,484.4,62.8,0.8114,0.0444,0.3794,43449,0.2394,586,113600,77,4,2,5,2,Lehigh,Pennsylva,42,77,42077,339.4064,291130,300238,858,112887,139940,151190,271674,6776,320,3661,8699,15001,19342,46602,50895,86892,42534,44865,58736,134801,5251,20101,16595,10675,17548,28319,36721,1697,6114,118335,5448,78248,34639,97800,400,54164,29120,5822,12905,8982,3039,3254,541,179,83630,75541,177.6,325.1,1106.8,950.1,142,14.5,142.3,21.5
-0.8177,0.7284,159.6,328,180924,142.7,178.2,8.9,,1,2850,,,,0.8376,0.0622,0.4599,32861,0.3397,411,73600,13,2,4,3,4,Blair,Pennsylva,42,13,42013,537.4872,130542,130217,243,50332,61526,69016,128840,1073,118,380,131,431,8237,23583,21020,35994,19554,22154,24515,58974,2375,10973,7269,4361,8657,13064,15445,803,3377,54349,4017,36517,13815,41100,224,37905,2205,3258,3768,1647,714,4008,489,177,59576,67909,162.8,235.7,939.3,1055.5,115.6,14.2,115.6,27.9
-1.7636,-0.9339,114.5,81,64882,90.7,143.9,12.9,,3,6530,,,,0.746,0.0563,0.5192,33313,0.3349,380,72800,61,1,1,2,1,Huntingdo,Pennsylva,42,61,42061,883.8391,44164,44554,50,15527,22849,21315,41994,1982,53,83,52,195,2804,7583,8692,12681,6453,5951,9243,19987,870,3131,2465,1300,2478,4497,4990,282,788,19286,3759,11845,3682,43100,197,13154,479,815,778,78,220,2846,635,212,82419,48590,131.2,217.4,838.8,803.5,106.5,9.9,106.5,14.7
-2.0947,1.6808,210.6,554,210725,193.3,229.3,9,,9,8587,,,,0.8005,0.0879,0.4423,30179,0.356,361,62700,21,1,4,1,5,Cambria,Pennsylva,42,21,42021,694.7506,163029,154743,235,62004,78112,84917,158584,3734,109,384,218,985,9316,28654,25240,44206,25031,30582,33600,74170,2751,14516,7024,5508,11145,16087,19804,676,3374,67374,5370,45455,16549,39900,191,45847,5135,3533,4941,1963,1138,3696,605,142,55364,28260,187.3,296,1124.1,1146.6,150.5,18.6,150.6,29.2
-1.1264,-2.1555,143.1,51,33510,106,190.5,20.3,,0,218,,,,0.7452,0.0355,0.5499,34698,0.3259,395,87000,67,2,1,2,1,Juniata,Pennsylva,42,67,42067,390.2234,20625,22265,53,7598,10146,10479,20529,27,18,41,10,49,1393,3930,3429,5835,3051,2987,3290,10371,241,1410,855,591,959,2388,2694,135,284,8505,907,5885,1713,51700,184,6062,354,200,317,198,0,1259,566,161,61785,68954,156.5,243.4,961.1,1042.2,138.9,,139.8,14
1.4607,-0.5782,185.8,1021,519887,174.6,197.7,5.8,152.6,21,27145,92.1,249.5,34.8,0.7804,0.0508,0.4329,44714,0.2349,545,104900,11,4,2,4,2,Berks,Pennsylva,42,11,42011,871.2388,336523,357861,386,127649,162646,173877,314561,10003,333,2746,8880,17174,22510,55936,59991,96109,49451,52526,66302,156332,5520,22674,19781,11592,18452,32885,42585,2102,6896,134482,6833,94336,33313,81800,342,68688,33036,6813,11227,6027,1809,5589,1809,134,204300,92735,177.2,325.1,1015.8,989.6,140.4,19.3,140.4,29.2
0.8138,0.39,149,959,517616,139.7,158.9,4.8,172.1,14,12891,92.7,322.3,47,0.8556,0.0515,0.411,37106,0.2613,432,90600,129,3,3,4,4,Westmorel,Pennsylva,42,129,42129,1034.631,370321,370788,358,144080,177143,193178,361103,6930,262,1566,460,1359,22122,60998,56551,107847,59331,63472,67831,181572,5874,28363,17808,12243,22665,38097,50261,1518,7169,153554,9474,110003,34077,56800,247,111721,5077,7321,8501,5414,1653,12109,1335,123,115377,24974,151.3,268.3,913.4,890.6,109,16.1,109.2,23.2
1.4232,1.6627,166,3090,1545269,160.1,172,3,242.7,417,225769,219.8,267.7,12,0.8633,0.0609,0.3154,38329,0.2694,516,84200,3,4,4,4,5,Allegheny,Pennsylva,42,3,42003,730.1035,1336449,1258889,1830,541261,626732,709717,1169452,149550,1452,13469,2526,8731,84113,198070,234428,383332,204595,231911,314201,569806,26177,111697,76681,57622,102867,113508,161071,5640,35976,580738,39477,358068,183193,57100,315,350870,52928,36970,59531,44116,27567,4129,451,95,23541,34528,153.1,309.8,964.1,865.4,116,13.3,116.2,22.1
2.0648,0.3663,136.8,428,288578,124.1,150.7,6.7,207.4,89,65031,165.5,259.4,22.6,0.8338,0.0451,0.345,41507,0.2498,557,99900,43,4,3,5,4,Dauphin,Pennsylva,42,43,42043,535.3614,237813,245785,444,95264,113672,124141,195881,35609,340,2770,3213,6024,16576,39049,42332,72047,33797,34012,51725,101751,5392,16509,15534,10631,16428,21700,27156,1645,7046,102684,7420,60708,34556,71300,357,49083,20773,4414,11235,8760,3329,4067,675,151,82204,69550,134.9,301.2,937.4,749.1,91.2,9.1,91.5,15.8
0.9882,-1.2277,129.3,83,64383,102.5,162.4,14.4,,1,543,,,,0.7989,0.0375,0.4661,41909,0.2495,473,96500,99,3,1,4,1,Perry,Pennsylva,42,99,42099,565.0462,41172,44809,73,14949,20488,20684,40916,95,50,69,42,194,2993,8105,6958,13054,5493,4569,6685,20375,604,2161,2136,1141,1612,5015,4924,327,707,17063,2114,11889,3060,64400,262,11704,709,454,928,129,0,2706,628,179,76274,52975,128.2,232.7,782.2,770.4,75,8.6,75,15.5
6.3284,0.1935,162.1,1319,833995,153.4,171.3,4.5,222.6,38,30749,153.7,322.2,38.5,0.8859,0.0348,0.3082,59727,0.134,736,163200,17,4,3,5,3,Bucks,Pennsylva,42,17,42017,631.4155,541174,593095,857,190507,266445,274729,514240,15313,566,8446,2609,8895,39755,99184,94119,174420,74784,58912,105668,256573,8573,27773,25777,15660,20893,62307,61722,2787,8881,199934,9427,144138,46369,140000,524,126347,24446,4937,12236,20109,4006,5663,841,101,69652,63677,149.6,295.2,941.1,745.9,115.7,14.2,116.2,21.8
0.699,-1.4325,147.8,286,171439,131.1,166.2,8.8,,2,3333,,,,0.7861,0.0398,0.496,40838,0.2505,470,100700,75,3,1,4,1,Lebanon,Pennsylva,42,75,42075,365.0173,113744,117867,312,42688,55512,58232,110904,706,93,917,1124,2666,7637,20125,19415,32891,16606,17070,20905,53783,1777,7644,6557,3609,6179,11863,14169,843,2226,44634,1946,30315,12373,71000,293,25056,7813,2572,3883,1525,498,2639,948,124,101036,111471,158.7,277.1,896.5,943,125.8,11.6,125.8,19.2
0.3831,0.0616,154,518,281041,141,168.1,6.8,246.4,22,10678,154,381.3,52.8,0.8265,0.0525,0.4269,37607,0.2715,423,87500,125,3,2,4,3,Washingto,Pennsylva,42,125,42125,866.2563,204584,205275,236,78533,97915,106669,196810,6786,201,543,244,1186,11876,34079,32305,58344,32210,35770,39658,96611,3192,16616,10662,6751,12521,20343,26486,928,4380,84113,5580,59368,19165,53600,241,60614,3455,4084,5115,2233,1026,6722,1594,137,136371,17690,155.5,232.2,900,1019.2,122.6,10.8,122.9,17.9
6.5077,0.9376,165.2,1719,958488,157.5,173.3,4,257.4,167,89612,218,304.5,20.9,0.885,0.0446,0.2618,60829,0.1295,757,160700,91,4,4,5,5,Montgomer,Pennsylva,42,91,42091,482.4923,678111,724988,1405,254995,325999,352112,620087,39124,752,15995,2153,8357,45837,107068,116733,205911,100569,101993,142486,318234,10439,44191,33735,23311,39359,68921,84183,2667,10516,265856,10861,184317,70678,143400,521,147424,45933,9715,18659,23286,15488,2540,586,97,47033,52878,162.2,337,1063.9,789.5,131.7,16,131.8,24.6
-1.5401,-0.6124,218.9,182,73231,187.7,254.4,16.5,,2,349,,,,0.7826,0.0571,0.5465,32731,0.3484,401,80200,9,2,1,2,2,Bedford,Pennsylva,42,9,42009,1010.8697,47919,49462,47,18038,23413,24506,47607,150,40,78,44,118,3064,8952,7717,13219,7620,7347,7749,24244,594,3287,2177,1416,2487,5520,6295,286,773,21738,3700,14268,3770,46800,189,15482,264,638,687,316,54,3843,1043,212,126437,44136,175.9,273.4,822.4,1299,113.2,11.9,113.2,20.7
3.5879,-0.2472,121.4,385,298412,109.5,134.4,6.2,,7,11109,,,,0.8609,0.0318,0.3428,46707,0.1892,576,120500,41,4,2,5,2,Cumberlan,Pennsylva,42,41,42041,564.7204,195257,209638,346,73452,94366,100891,189037,3062,254,2495,409,1355,11613,31315,40430,57729,28029,26141,42299,92090,2767,11607,10916,6568,11210,19859,24726,952,3274,77108,3656,52709,20743,85000,378,47138,8478,3108,7219,3834,803,5780,1100,140,128613,61723,121.7,267.4,708.6,607.3,76.1,10.3,77.1,13.6
2.0856,-1.8078,177,1173,656291,167,187.4,5.2,275.4,25,25897,172.9,429.1,58.5,0.7736,0.0302,0.4601,45507,0.2259,572,119300,71,4,1,5,1,Lancaster,Pennsylva,42,71,42071,968.5004,422822,459431,437,150956,205282,217540,397815,10038,484,4652,9833,15639,33462,78474,79444,120832,55141,55469,81481,196861,6710,22709,20016,12350,19197,45703,49856,2535,7327,156462,5506,104752,46204,89400,363,86438,27492,8108,15515,6505,1858,8772,4775,85,344532,125816,167.3,318.1,999.6,874.8,126.8,14.5,127,20.6
0.8082,-1.4148,166.2,348,183603,149.1,184.9,9,,8,5502,,,,0.7893,0.0366,0.4684,40476,0.2455,455,97800,55,3,1,4,1,Franklin,Pennsylva,42,55,42055,760.0499,121082,128599,159,45675,58764,62318,117072,2771,176,619,444,1065,8018,21513,21366,34911,17776,17498,20912,60262,1657,7529,6355,3710,6267,13242,16054,772,2130,48629,2954,33193,12482,70500,273,32113,3154,2441,4011,827,228,5341,1441,177,207887,94300,165.1,361.8,1018.4,772.3,128.5,19,128.6,24.7
-1.984,-0.4117,179.4,249,115234,157.7,203.7,11.4,,0,4099,,,,0.7749,0.0572,0.5112,30911,0.3714,366,70200,111,1,2,1,2,Somerset,Pennsylva,42,111,42111,1084.4971,78218,80087,72,29574,37728,40490,77875,102,43,143,55,231,5017,14536,11783,21710,11920,13252,13225,38318,927,6080,3523,2323,4548,8660,9996,386,1376,35713,6139,22881,6693,43400,196,24317,2364,1406,1617,565,172,4689,1062,214,137918,46160,175.3,252.7,1110,1020.6,142.1,11.2,142.3,24.3
7.2267,0.435,166.7,912,593135,155.8,178.2,5.6,212.9,66,42489,163.8,276.4,26.8,0.893,0.0358,0.2748,65295,0.1355,754,182500,29,4,3,5,4,Chester,Pennsylva,42,29,42029,760.1801,376396,427593,495,133257,184421,191975,344931,23995,510,4070,2890,8565,27972,66053,67661,122551,51182,40977,80223,175387,5636,17764,18187,11040,15891,41655,42830,1729,6280,139597,6340,99333,33924,155900,496,84795,21773,3449,9515,11913,1334,5512,1573,121,147535,149149,169.4,343,1060,837.1,134.7,16,135.2,24.9
2.096,-1.1809,160.2,863,537738,149.6,171.5,5.5,234,28,24756,150.2,367.8,47.6,0.807,0.0359,0.4417,45268,0.209,531,110500,133,4,1,5,1,York,Pennsylva,42,133,42133,925.4686,339574,376061,367,128666,166164,173410,323339,10985,416,2103,2731,5165,23688,58576,60336,104984,47547,44443,60668,165099,5053,19335,20464,11302,16145,36749,43392,2306,6640,134761,6095,95670,32996,79700,329,82306,17226,7154,10536,4409,1169,10622,2041,136,223789,55759,155.1,247,901,981.4,119.2,14.4,119.2,23.3
-1.4277,-2.1276,60.4,14,21188,32.7,106.7,16.4,,0,437,,,,0.7323,0.0391,0.5549,34882,0.3351,389,83900,57,2,1,2,1,Fulton,Pennsylva,42,57,42057,439.6854,13837,14529,31,5139,6862,6975,13669,125,22,17,4,31,980,2726,2289,3936,2110,1796,2207,6899,188,848,648,443,621,1646,1702,93,269,6184,1045,4049,1090,50700,210,4354,63,131,112,77,0,1351,467,214,57185,30455,72.8,139.4,562.8,334.2,46.4,,46.4,
-3.0284,0.9621,171.1,414,203049,155,188.7,8.4,185.8,13,7873,98.9,325.9,51.6,0.7603,0.0827,0.4924,27451,0.4187,367,63900,51,1,4,1,5,Fayette,Pennsylva,42,51,42051,798.6609,145351,144548,182,56110,69080,76271,139773,5116,139,219,104,452,8812,26271,22179,39738,22275,26076,27432,66342,2281,12959,7616,4618,9391,14676,17413,852,3873,61406,5296,40595,15515,39700,196,41754,4308,2647,3436,889,787,6735,902,129,74643,16102,166,281,1011.9,992.2,121.8,21.7,122.3,31.2
-2.304,2.9281,154.8,1760,1057466,147.6,162.2,3.7,255.2,1777,916750,243.3,267.7,6.2,0.7122,0.109,0.3494,30746,0.4335,569,59700,101,1,4,1,5,Philadelp,Pennsylva,42,101,42101,146.692,1585577,1418886,10809,603075,737763,847814,848586,631936,3454,43522,58079,89193,115871,263550,326732,426226,212484,240714,479271,493387,65815,133942,92706,74945,115584,102233,124954,12939,75857,674899,71824,373601,229474,49400,358,37301,415024,58027,71652,36809,49292,244,5,9,21,-99,157.7,401.3,1211.6,965.3,153,16,153.5,28.4
1.2205,-1.2518,139.6,186,133821,120,161.7,10.3,,4,2123,,,,0.7971,0.0423,0.5005,42704,0.2369,509,110100,1,4,1,4,1,Adams,Pennsylva,42,1,42001,528.6474,78274,87528,148,28067,38215,40059,76355,926,85,368,540,1216,5499,14096,14972,22557,10516,10634,14697,37337,1019,4593,4174,2168,3429,8660,9387,493,1344,30141,2074,20578,7489,79600,300,20775,1637,1640,1987,700,0,3012,1104,169,142575,95247,137.7,222,764.9,937.1,94.3,16.9,94.6,26.2
4.1849,0.9808,168,1184,639925,158.6,178,4.9,288.4,212,121356,250.3,332,20.1,0.8652,0.0489,0.2976,50092,0.1955,662,128800,45,4,4,5,5,Delaware,Pennsylva,42,45,42045,192.6062,547651,541104,2843,201374,261103,286548,473741,61394,609,10002,1905,5998,38266,88344,103729,154241,78139,84932,131240,232485,9969,39574,27284,18658,31920,50829,60923,2712,12344,211024,9650,146281,55093,113200,445,89807,68221,10263,15173,18534,6857,525,95,85,5040,81592,167.5,333.2,1055.6,950.4,137.6,12.7,137.9,21
-3.0233,1.1634,149.3,89,58016,119.8,184.4,15.9,,1,5065,,,,0.7572,0.0924,0.5071,30352,0.3828,367,56900,59,1,4,1,5,Greene,Pennsylva,42,59,42059,582.3269,39550,40756,68,14624,18805,20745,38948,377,69,112,44,209,2515,7620,6475,11194,5245,6501,7268,17993,515,3180,2316,1243,2304,4226,4431,262,937,15982,1358,10603,4021,38400,187,10959,592,534,644,402,0,2684,838,174,74474,8238,152,201.9,951.6,1048.8,120.4,16.5,122,20.2
0.1539,0.6601,149.1,570,377864,137,162,6.3,185.3,24,28962,113.5,301.7,41.2,0.8465,0.0583,0.4372,36627,0.3096,445,85300,49,3,4,3,4,Erie,Pennsylva,42,49,42049,821.6544,275572,275784,335,101564,132971,142601,257879,14304,438,1411,1540,3364,19973,51464,53253,76491,36366,38025,61160,115980,5378,17345,15894,10126,15654,26963,29219,1690,7558,108585,7021,69705,31859,54000,248,68556,2472,12029,10186,4254,2379,7410,1355,136,118442,43783,143.2,251.3,938,832.2,109.6,13.8,109.9,22.5
-0.9151,-0.1458,152.2,154,90535,128.9,179,12.4,,1,549,,,,0.8171,0.0554,0.5098,35038,0.335,414,73900,15,2,2,2,2,Bradford,Pennsylva,42,15,42015,1163.3164,60967,62690,52,22492,29629,31338,60409,149,117,214,78,218,4355,12192,9599,17104,8777,8940,10029,28757,981,3935,3496,1822,3184,6693,7260,473,1322,27058,4566,16930,5562,50900,231,17980,212,1419,1308,319,389,5143,1432,237,207030,66851,157.7,254.2,857,1050.8,104.2,18.3,104.2,33
-1.5456,0.1328,169.1,121,59992,140.1,203.2,15.5,,0,553,,,,0.8048,0.0605,0.5139,32020,0.3774,421,72000,117,2,2,2,3,Tioga,Pennsylva,42,117,42117,1136.9092,41126,41714,36,14974,20041,21085,40648,227,108,106,37,139,2687,7707,7677,10839,6065,6151,7740,19430,649,2566,2192,1238,2073,4356,5048,281,817,18202,3228,11298,3676,43900,202,12526,101,806,611,361,128,3324,876,254,132349,50178,185.2,311.4,1100.5,1094.3,127.2,7.2,127.6,15
-0.4789,-0.0221,112.6,84,63517,89.6,140.9,12.4,,0,249,,,,0.8483,0.051,0.4902,36083,0.3041,401,64300,123,3,2,3,3,Warren,Pennsylva,42,123,42123,902.4686,45050,43747,50,17244,21945,23105,44782,53,74,111,30,116,3024,8320,6646,13013,6994,7053,7336,21677,640,3133,2780,1587,2641,4766,5768,306,879,22236,4992,13311,3933,43900,228,14608,164,1309,1209,331,179,2996,472,171,42978,31461,111.9,176.8,587.7,838.5,69.5,6.6,69.5,8.9
-0.6103,-0.508,112.7,81,62286,89.3,141.5,12.6,,0,371,,,,0.8248,0.0431,0.5012,33622,0.3528,427,81800,115,2,2,3,2,Susquehan,Pennsylva,42,115,42115,836.9681,40380,42348,48,14898,19929,20451,40086,79,83,87,45,162,2922,7916,6080,11507,5770,6185,6497,19396,608,2710,2035,1284,1913,4549,4894,275,741,20308,5410,11798,3100,64200,254,14304,113,1004,798,142,179,3460,814,233,100239,48877,123.4,194.3,696.2,842.6,75.3,7.9,75.3,15.6
-1.4225,0.1752,83.5,61,65325,63.8,107.9,10.7,,0,2596,,,,0.8224,0.0603,0.5162,33040,0.3333,416,53500,83,2,3,2,3,McKean,Pennsylva,42,83,42083,976.3567,47131,46249,48,17837,23217,23914,46147,520,111,161,192,511,3048,8607,7547,12950,7097,7882,8334,21642,841,3784,2911,1715,2989,4726,5541,312,1089,21454,3617,13201,4636,37400,219,15738,177,1242,1024,345,313,2272,243,185,19292,16961,133,227.8,735.8,945.4,100.6,8,101.1,15.4
-1.4803,0.1863,75.4,24,26507,48.1,114.9,15.5,,0,203,,,,0.8057,0.0622,0.5155,32253,0.3621,432,68700,105,2,3,2,3,Potter,Pennsylva,42,105,42105,1072.8403,16717,17216,16,6246,8121,8596,16629,20,29,31,8,72,1188,3403,2396,4486,2490,2754,2621,8020,204,1195,890,524,916,1832,2054,111,333,11334,5088,4707,1539,40900,216,8164,43,301,275,148,0,2062,328,291,49826,50823,134.2,209.3,911.6,854.2,87.5,,87.5,
-1.1879,0.1065,174.3,247,129142,153.1,197.8,11.1,,9,1963,,,,0.8155,0.0595,0.5055,33560,0.347,406,72800,39,2,2,2,3,Crawford,Pennsylva,42,39,42039,1036.1434,86169,89493,83,32185,41833,44336,84615,1072,112,272,98,303,5855,16483,14764,23764,12002,13301,16197,39065,1621,5901,4899,3090,4819,8771,10231,561,1894,40462,8277,23627,8558,43200,210,27509,441,2311,2240,781,268,6420,1281,185,146911,36578,151.6,246,921.3,883.8,86.9,14.3,87.3,23.1
